Section | Name

"See our top Setup Experts","One Eleven Web Design"
"See our top Setup Experts","BudAI Labs"
"See our top Setup Experts","IMA Design Consulting"
"See our top Setup Experts","eBizTrait"
"See our top Setup Experts","SKU Agency"
"See our top Setup Experts","Presidio Creative"
"See our top Setup Experts","Cascadia Consulting"
"See our top Designers","BudAI Labs"
"See our top Designers","Presidio Creative"
"See our top Designers","Cascadia Consulting"
"See our top Designers","Staff Only"
"See our top Designers","ZDCA Design & Development"
"See our top Designers","Wideumbrella.com"
"See our top Developers","ZipBoss"
"See our top Developers","ZDCA Design & Development"
"See our top Developers","Wideumbrella.com"
"See our top Developers","ShopPad"
"See our top Developers","Jivaldi, LLC"
"See our top Developers","Zenergylabz"
"See our top Developers","Ignitiv, Inc."
"See our top Developers","Realm Web Design"
"See our top Developers","iluminada design"
"See our top Developers","Mote"
"See our top Developers","Above Market"
"See our top Developers","CONSPIRE AGENCY"
"See our top Marketers","Presidio Creative"
"See our top Marketers","Cascadia Consulting"
"See our top Marketers","ZDCA Design & Development"
"See our top Marketers","Jivaldi, LLC"
"See our top Marketers","Zenergylabz"
"See our top Marketers","Sleepless Media"
"See our top Marketers","Ignitiv, Inc."
"See our top Marketers","Realm Web Design"
"See our top Marketers","Important Labs, LLC"
"See our top Marketers","A & Z Designs"
"See our top Marketers","SeedCMS.com"
"See our top Marketers","Hawke Media"
"See our top Photographers","ZDCA Design & Development"
"See our top Photographers","Zenergylabz"
"See our top Photographers","digitalShe"
"See our top Photographers","Mote"
"See our top Photographers","Above Market"
"See our top Photographers","Hippie Chick Design"
"See our top Photographers","Bohemi+Chic"
"See our top Photographers","REVO Designs"
"See our top Photographers","Willa Creative Agency"
"See our top Photographers","Ketchum, Killum & Wynn Creative"
"See our top Photographers","Rialto Partners"
"See our top Photographers","Full Impact Studios"
"See our top 3D Modeling Experts","Zee Agency"
"See our top 3D Modeling Experts","Sayduck"
"See our top 3D Modeling Experts","CGTrader"
